Model,Accuracy,Precision,Recall,F1,ROC-AUC,Best Threshold,Train Accuracy,CV Accuracy
Soft Voting Ensemble,0.8019872249822569,0.6702508960573477,0.5,0.5727411944869831,0.8460280554909712,0.5100000000000002,0.838125665601704,0.8037529754352896
Logistic Regression,0.8019872249822569,0.6507936507936508,0.5481283422459893,0.5950653120464441,0.8436900979100468,0.48000000000000026,0.8099041533546326,0.8075987271887672
Gradient Boosting,0.7998580553584103,0.6586206896551724,0.5106951871657754,0.5753012048192772,0.8460474308300394,0.5000000000000002,0.8407880724174653,0.8049350592040044
Random Forest,0.7998580553584103,0.6419753086419753,0.5561497326203209,0.5959885386819485,0.842049652535586,0.46000000000000024,0.8354632587859425,0.7999673759379418
XGBoost,0.7977288857345636,0.6312684365781711,0.5721925133689839,0.6002805049088359,0.844622697563874,0.46000000000000024,0.8349307774227902,0.8063564911639226
