Model,Accuracy,Precision,Recall,F1,ROC-AUC,Best Threshold,Train Accuracy,CV Accuracy
CatBoost Raw,0.8041163946061036,0.6655405405405406,0.5267379679144385,0.5880597014925373,0.8449882456276319,0.49000000000000027,0.8225377107364685,0.8043078520786218
Soft Voting Ensemble,0.8034066713981547,0.641399416909621,0.5882352941176471,0.6136680613668062,0.8467100674261799,0.4500000000000002,0.8331558395456159,0.8040484307090665
Logistic Regression,0.8019872249822569,0.6507936507936508,0.5481283422459893,0.5950653120464441,0.8436900979100468,0.48000000000000026,0.8099041533546326,0.8075987271887672
XGBoost,0.801277501774308,0.6620689655172414,0.5133689839572193,0.5783132530120482,0.8472370766488413,0.5000000000000002,0.8225062122825701,0.806887932406726
Gradient Boosting,0.7998580553584103,0.6586206896551724,0.5106951871657754,0.5753012048192772,0.8460370973158697,0.5000000000000002,0.8407880724174653,0.8052899837825315
Random Forest,0.7998580553584103,0.6419753086419753,0.5561497326203209,0.5959885386819485,0.842049652535586,0.46000000000000024,0.8354632587859425,0.7999673759379418
