Contract,No,Yes,churn_rate
Month-to-month,2220,1655,0.4270967741935484
One year,1307,166,0.11269517990495587
Two year,1647,48,0.02831858407079646
